{
  "project_info": {
    "project_number": "488709863506",
    "firebase_url": "https://claruswayfirebase.firebaseio.com",
    "project_id": "claruswayfirebase",
    "storage_bucket": "claruswayfirebase.appspot.com"
  },
  "client": [
    {
      "client_info": {
        "mobilesdk_app_id": "1:488709863506:android:01fd6d1fac5178fc8c478b",
        "android_client_info": {
          "package_name": "com.portfolio_1"
        }
      },
      "oauth_client": [
        {
          "client_id": "488709863506-jjpeu55a8eap0aqdj7i7j6lbbpopo5tn.apps.googleusercontent.com",
          "client_type": 3
        }
      ],
      "api_key": [
        {
          "current_key": "AIzaSyDGao1Bt0lq5UioJOylJfVZTIwrqAtBhPM"
        }
      ],
      "services": {
        "appinvite_service": {
          "other_platform_oauth_client": [
            {
              "client_id": "488709863506-jjpeu55a8eap0aqdj7i7j6lbbpopo5tn.apps.googleusercontent.com",
              "client_type": 3
            },
            {
              "client_id": "488709863506-eg7fe2e1ks7kttcjqoa1b9oe3s85q8ao.apps.googleusercontent.com",
              "client_type": 2,
              "ios_info": {
                "bundle_id": "com.practiceProject"
              }
            }
          ]
        }
      }
    }
  ],
  "configuration_version": "1"
}